circuit,united,20
four,seven,15
states,united,20
establishment,officers,15
civil,upon,12
federal,reorganization,20
coverage,would,24
case,shall,11
rules,shall,11
pensioners,widows,12
enlisted,seven,15
government,spending,36
duty,vessels,12
energy,natural,32
shall,taken,11
act,congress,12
ships,speed,12
battleships,one,55
fleet,one,55
one,third,11
petition,shall,11
conservation,natural,12
current,year,15
millions,year,16
civil,rights,16
ten,year,15
adequate,right,24
courts,th,15
battle,ship,24
gunboats,two,14
children,shall,14
control,people,15
government,nineteen,12
goods,value,12
court,irreparable,12
federal,spending,12
fifth,one,11
enacted,energy,16
shall,witnesses,22
convention,court,15
expenditures,year,12
appropriations,total,12
federal,government,27
daily,would,12
submarines,two,126
say,shall,35
shall,slavery,11
officers,services,12
lands,price,16
battle,coast,20
circulation,issue,15
employer,shall,14
condition,states,12
state,united,12
states,vessels,12
able,old,12
act,defense,15
five,submarines,27
large,would,12
amount,banks,16
ending,three,15
acres,surveyed,16
foreign,united,12
employed,steamers,12
circuit,states,20
health,mental,12
readjustment,veterans,20
government,national,16
health,safety,12
states,would,18
government,states,12
decrease,estimates,21
civil,states,18
islands,rights,12
sub,two,14
united,vessels,12
home,right,16
cent,notes,14
inhabitants,states,12
battleships,fifteen,25
circulation,notes,25
health,insurance,12
government,shall,28
attainder,shall,11
public,whether,18
nations,tribes,12
estimates,total,28
fifteen,two,70
fourth,one,11
counsel,shall,11
principles,service,21
cent,circulation,15
men,shall,14
respecting,shall,11
circulation,deposit,15
indians,may,15
preference,shall,11
constitution,states,12
states,would,12
board,philippine,12
government,two,18
duty,ports,16
coal,energy,16
election,government,12
code,tax,12
making,pensioners,12
liberty,states,12
officers,one,12
distribution,government,12
shall,upon,24
acres,scrip,20
irreparable,shall,15
government,put,27
cruiser,cruisers,18
government,year,12
repair,two,14
appropriation,appropriations,12
made,shall,11
maintained,states,12
tariff,year,12
government,relations,18
north,place,12
issue,notes,15
enough,seed,12
america,ever,15
period,ten,16
profession,shall,11
full,hopes,14
government,shall,24
class,cruisers,18
commitment,government,27
officers,puerto,12
construction,one,11
cruiser,fifteen,15
destroyers,ten,15
canal,panama,12
billion,dollars,16
foreign,nation,12
foreign,upon,12
islands,property,20
fourth,two,14
energy,gas,32
action,build,16
notes,outstanding,14
bank,fund,12
number,supreme,12
government,program,27
property,public,15
battle,submarines,36
ship,ten,18
crime,shall,11
shall,unreasonable,11
notes,upon,14
artillery,hundred,14
asiatic,powers,12
circuit,let,12
enlisted,officers,12
one,second,11
second,two,14
property,shall,22
courts,february,15
navy,pensioners,12
may,nations,16
civil,commission,18
scout,submarines,45
cruisers,eight,12
made,shall,12
five,scout,15
court,national,15
constitution,shall,16
minister,shall,16
one,ten,33
interference,order,12
assistance,shall,11
act,circuit,20
british,vessels,20
hundred,one,21
shall,state,15
order,shall,15
neighbor,respects,12
civil,philippine,24
back,men,12
compared,year,18
people,shall,11
private,shall,11
commitment,defense,15
cruisers,ten,18
enacted,government,18
government,island,24
deprived,shall,11
press,shall,11
havana,steamers,12
foreign,gold,12
every,right,24
family,right,16
act,powers,12
government,many,27
government,say,20
men,rights,12
battle,scout,20
ship,year,30
energy,synthetic,16
connected,veterans,20
battle,battleships,20
conservation,gas,12
imposed,shall,22
officers,people,12
gas,production,20
assistance,government,18
cruisers,scout,30
destroyers,ship,30
ports,spain,12
gas,natural,16
school,would,12
notes,states,14
may,states,12
civil,service,42
education,government,18
people,shall,16
scout,year,25
cost,country,12
cruisers,one,12
islands,public,12
ending,years,12
care,health,15
board,civil,18
government,peace,18
american,behave,12
indian,states,12
price,states,12
defense,many,15
government,thereof,12
philippine,united,12
provided,would,12
say,shall,18
men,thousand,12
cent,cents,12
lands,states,12
energy,funding,16
cuba,island,16
al,qaida,16
gas,solar,12
general,government,12
cruisers,five,12
construction,legislation,14
battle,destroyers,20
shall,states,20
energy,government,27
property,religion,15
battleships,five,15
battleships,year,25
articles,states,12
lowest,years,12
elected,governor,12
enough,plant,20
rights,shall,11
illinois,waterway,12
cost,crime,12
service,state,12
ports,vessels,12
economic,social,12
fleet,two,70
one,shall,11
government,indians,15
guns,inch,12
inflicted,shall,11
navy,total,12
treasury,year,16
government,reservations,15
preceding,year,12
defense,spending,20
fleet,submarines,45
small,would,12
control,cuba,12
prosecutions,shall,11
court,notice,12
constitution,slavery,16
proper,system,12
rights,shall,24
compelled,shall,11
cuban,government,16
appeals,courts,24
grievances,shall,11
acres,located,30
arts,support,12
able,every,16
property,upon,15
cruiser,destroyers,15
hospital,one,11
court,injury,12
millions,year,12
coast,year,25
fuel,one,22
government,hundred,12
must,old,12
shall,state,12
held,shall,16
acres,years,16
perhaps,shall,14
cuba,people,20
establishment,shall,11
states,united,16
honduras,treaty,15
government,process,18
number,one,11
one,ship,66
shall,trial,11
coast,cruisers,30
people,states,12
hundred,strength,14
cruisers,one,66
different,states,12
nations,strength,12
offense,shall,11
hundred,officers,28
economic,philosophy,12
commission,islands,12
peoples,prussian,12
direct,would,12
commission,shall,16
cruisers,five,18
excessive,shall,22
right,shall,22
every,year,12
circuit,powers,15
thousand,two,12
court,shall,20
cds,million,12
act,government,27
place,south,12
except,shall,11
foreign,states,12
court,courts,15
courts,district,16
fy,government,18
first,one,11
convention,court,12
prohibiting,shall,11
secure,shall,11
shall,without,33
states,united,16
islands,may,12
government,policy,18
postal,service,12
nation,vessels,12
sum,treasury,12
cruisers,three,12
government,public,12
coast,ship,30
seizures,shall,11
government,powers,24
judges,supreme,16
one,scout,55
acres,enough,24
accusation,shall,11
economy,war,12
ports,states,12
february,united,12
increase,pound,15
egypt,government,18
government,states,12
cleavage,men,12
congress,session,18
judges,let,12
government,problems,18
men,puerto,15
coast,cruiser,15
fleet,ship,30
marines,one,11
energy,production,40
production,solar,15
state,states,12
hundred,thirty,14
injury,shall,15
district,prohibition,12
government,urban,18
due,shall,24
right,shall,16
cruisers,fleet,30
duty,spain,12
act,states,16
notes,state,14
cents,higher,12
civil,islands,24
philippine,said,12
business,government,18
islands,many,12
one,provide,11
energy,increased,32
enjoyment,united,12
commitment,meet,12
good,right,16
court,order,12
able,must,16
business,substantial,12
shall,unemployed,14
total,widows,12
program,spending,12
battle,two,56
cruisers,submarines,54
fleet,year,25
plant,seed,15
bonds,issue,12
defense,real,15
cruisers,oil,12
fleet,scout,25
article,states,12
real,spending,12
battle,fleet,20
fifteen,year,25
government,independent,15
government,vested,12
public,states,16
notes,per,15
business,increases,12
branch,shall,11
involuntary,shall,11
shall,speedy,11
shall,without,12
power,public,15
battleships,destroyers,25
marines,two,14
national,shall,12
paid,shall,12
administration,government,12
cruisers,six,12
amount,bonds,16
cent,per,16
last,year,18
freedom,shall,11
islands,tariff,12
government,may,12
millions,sum,20
end,year,12
destroyers,two,70
may,reservations,15
illinois,state,15
islands,united,12
commission,reorganization,12
cruisers,destroyers,30
energy,gasoline,16
per,tax,20
value,year,18
hundred,service,14
every,old,12
fuel,submarines,18
free,states,12
made,shall,12
expansion,reorganization,12
gunboat,one,22
ten,two,42
required,shall,11
constitution,shall,15
five,hundred,14
capital,states,12
defense,regulatory,15
enlisted,men,15
labor,would,12
follows,year,12
government,provide,12
cents,increase,30
scout,two,70
cruisers,hundred,12
battle,five,12
two,year,70
ports,vessels,12
acres,plant,30
due,shall,11
put,spending,12
fifteen,one,55
energy,fuels,16
energy,gasohol,16
whether,within,12
four,hundred,21
end,millions,12
people,would,12
making,total,12
property,shall,40
expansion,federal,15
abridging,shall,11
civil,may,18
action,stronger,16
shall,worship,11
constitution,convention,15
february,states,12
hundred,two,21
millions,treasury,12
fact,states,12
islands,upon,12
states,united,12
battleships,submarines,45
one,year,55
shall,states,12
defense,percent,15
defense,put,15
facto,shall,11
shall,speech,11
acres,warrants,14
government,would,16
circuit,number,12
said,service,21
different,many,12
religious,shall,11
destroyers,scout,25
medical,one,12
cuban,national,16
hopes,time,14
government,shall,12
appropriations,estimates,21
board,service,21
third,two,14
ten,union,20
may,philippine,12
government,industries,18
cruiser,fleet,15
conservation,production,15
control,government,18
judges,number,12
commission,philippine,12
defense,federal,15
users,water,12
number,two,14
circulation,per,15
period,union,20
accused,shall,11
searches,shall,11
establishment,united,15
cruisers,second,12
indians,reservations,25
federal,order,12
property,states,12
men,seven,15
services,thousand,12
seven,two,15
act,legislation,14
government,ratification,18
islands,religion,12
battleships,ship,30
six,sum,16
constitution,government,12
government,shall,22
benefits,service,12
board,islands,12
obtaining,shall,11
banks,circulating,25
force,hundred,14
percent,spending,12
exercise,government,12
battle,ten,12
cruisers,gunboat,12
bill,shall,11
lawfully,shall,16
coast,one,55
cruiser,scout,15
five,ship,18
fuel,two,28
declared,independent,15
shall,united,12
expenditures,proposed,12
labor,legislation,21
government,increase,18
destroyers,submarines,45
energy,time,16
shall,states,12
free,world,12
coast,ten,15
notice,shall,15
addressed,government,18
battle,fifteen,20
one,twenty,11
union,years,20
government,jurisdiction,12
acres,fiscal,14
powers,united,12
cruisers,ten,12
cruisers,vessels,12
act,spending,12
kingdom,united,12
increase,three,15
states,united,12
circulating,notes,35
exemption,notes,14
notes,treasury,14
circuit,supreme,16
may,service,21
bail,shall,11
exist,shall,11
sum,treasury,12
constitution,governor,12
cents,tax,15
person,shall,22
shall,twice,11
oil,ship,12
one,repair,11
action,people,16
public,shall,22
act,court,12
enlisted,hundred,21
june,years,12
process,shall,22
shall,states,16
enlisted,thousand,12
hundred,services,21
department,government,18
cruisers,two,84
five,two,42
criminal,shall,22
circuit,th,15
francs,shall,12
states,united,12
commitment,spending,12
energy,spending,12
cruiser,submarines,27
oil,submarines,18
federal,projects,12
good,hopes,21
ration,would,12
philippines,shall,11
states,united,24
established,government,27
hundred,seven,35
back,country,12
cruiser,one,33
cruiser,two,42
twenty,two,14
conservation,energy,24
action,keep,16
duty,government,12
commission,federal,15
battleships,fleet,25
exercised,government,12
expenditures,legislation,12
shall,thereof,11
bonds,gold,16
governor,new,12
increase,increased,16
fifteen,submarines,45
cause,shall,11
courts,powers,15
let,supreme,12
fifteen,scout,25
civil,service,14
cruiser,year,15
fleet,ten,15
four,two,14
law,shall,44
heroin,reduced,12
gold,reserve,12
people,would,12
bank,circulation,15
every,shall,11
establishment,states,20
government,rights,18
following,shall,16
five,one,33
fuel,ship,12
natural,production,20
shall,upon,11
honest,would,12
notes,united,14
officers,one,12
discrimination,shall,11
survivors,widows,12
increase,total,12
civil,said,18
senators,states,12
coast,destroyers,25
canal,property,12
energy,tax,16
ever,every,15
jeopardy,shall,11
health,would,12
bank,notes,15
cruel,shall,11
inviolable,shall,11
post,rural,12
shall,treaty,15
depth,feet,12
protected,states,12
fiscal,year,15
service,upon,14
battleships,coast,25
fifteen,fleet,25
one,submarines,99
general,government,12
courts,states,20
government,public,15
miles,pacific,15
must,year,12
fifteen,ship,30
one,sub,11
business,good,12
acres,year,14
acres,certified,20
men,officers,12
decrease,total,12
established,spending,12
medical,would,12
ammunition,submarines,18
oil,one,22
energy,solar,24
post,shall,11
acres,states,20
states,united,12
cruisers,twenty,18
program,would,12
cruisers,fuel,12
ayres,independent,15
philippine,states,12
cuba,government,24
able,less,12
government,officers,12
enlisted,officers,12
four,officers,12
islands,said,12
fifth,two,14
hundred,regiments,14
fifteen,five,15
three,two,14
increased,natural,16
sum,year,12
acres,one,12
battleships,scout,25
increased,production,20
repeal,shall,12
punishment,shall,22
service,veterans,40
defense,energy,15
government,nation,18
gunboat,two,28
banks,issue,12
hundred,three,12
strength,united,18
forever,shall,11
arrangement,signed,16
may,public,12
debt,millions,16
care,child,16
coast,submarines,45
ship,submarines,54
fines,shall,11
ports,united,12
five,year,15
life,shall,11
notes,per,14
may,tribes,12
receive,would,12
cruiser,ship,18
cruisers,fifteen,30
energy,incentives,16
shall,therefore,11
reported,sum,12
coast,two,70
ship,two,84
shall,unusual,11
duty,would,12
officers,two,12
government,increased,18
government,israel,18
exercise,shall,22
passed,shall,22
foreign,vessels,16
th,united,12
dollars,million,25
extent,miles,15
acres,sufficient,12
labor,state,12
liberty,shall,11
acres,approved,20
combined,end,12
estimates,increase,21
cruisers,ships,18
first,government,18
exports,year,12
american,british,12
due,islands,12
battleships,two,70
first,two,14
energy,years,16
seven,thousand,20
convention,united,12
excite,race,12
defense,established,15
shall,witness,11
corps,hundred,14
battle,cruisers,24
business,wage,12
millions,three,12
freedom,objective,12
coast,five,15
government,mexican,12
federal,shall,21
defense,shall,11
enjoy,shall,11
court,united,12
rates,years,12
officers,states,12
civil,united,18
government,progress,18
submarines,ten,27
june,three,15
government,people,12
buenos,independent,15
judges,man,12
act,agricultural,15
coast,fifteen,25
hospital,two,14
increased,solar,12
period,years,16
shall,use,11
courts,united,20
enhanced,would,12
ammunition,cruisers,12
circulation,increase,15
appropriations,year,12
act,united,16
islands,philippine,16
destroyers,year,25
acres,seed,18
circuit,court,15
public,united,12
defense,government,45
expenses,would,12
city,shall,14
shall,state,12
four,thousand,12
addition,cents,12
including,would,12
defense,program,15
restored,shall,12
america,every,25
circuit,courts,25
battleships,ten,15
allowed,shall,11
cost,percent,12
cents,pound,18
shall,slavery,16
commission,service,21
coast,fleet,25
destroyers,five,15
proposed,two,14
island,people,20
department,general,12
cruisers,four,12
gunboat,ship,12
scout,ship,30
cents,per,12
cents,wines,15
abundance,much,12
states,united,16
gunboat,submarines,18
court,procedure,12
new,steamers,12
gold,silver,12
manufactures,silver,15
ex,shall,11
companies,hundred,14
officers,seven,20
government,local,12
energy,new,16
shall,violated,11
commerce,improvements,12
british,ports,15
peaceably,shall,11
enjoyment,states,18
cruisers,first,12
battleships,cruiser,15
federal,government,12
government,united,12
prices,would,18
religion,shall,24
oil,two,28
submarines,year,45
states,would,12
government,time,18
people,thought,12
fifteen,ten,15
enjoyment,shall,11
acres,agricultural,20
court,states,12
cruisers,seven,12
treasury,would,12
destroyers,fleet,25
fifty,hundred,14
services,seven,15
action,government,18
many,spending,12
general,upon,12
battle,year,20
deposit,notes,15
nature,shall,11
hundred,men,21
cabinet,government,18
america,good,18
able,less,12
acquired,shall,16
gunboats,one,11
cent,notes,15
gas,increased,16
fiscal,year,18
acres,within,14
banks,notes,35
cruisers,submarines,12
natural,solar,12
act,th,12
increase,years,12
assemble,shall,11
favor,shall,11
acres,located,21
states,th,12
officers,thousand,16
public,time,25
islands,states,12
government,system,18
islands,shall,32
conservation,increased,12
energy,established,16
energy,supply,16
made,shall,16
congressional,upon,12
ammunition,two,28
federal,project,12
control,island,12
compulsory,shall,11
decent,right,16
country,yarn,12
cruisers,line,12
construction,two,14
action,america,16
billion,passed,12
government,social,18
labor,various,14
illinois,river,15
confronted,shall,11
division,shall,11
benefits,veterans,30
american,would,16
improvement,service,14
must,shall,11
redress,shall,11
act,th,12
property,rights,15
five,fleet,15
dramatically,energy,16
fair,hopes,14
expenditures,war,12
already,service,14
room,tenement,16
destroyers,one,55
provide,two,14
scout,ten,15
government,people,30
million,veterans,20
pensioners,total,16
one,thousand,12
service,united,21
due,property,15
banks,bonds,16
islands,service,28
government,implemented,18
battleships,cruisers,30
one,two,154
provided,whether,12
act,courts,20
one,seven,15
service,states,21
men,officers,20
cruisers,ship,36
neither,shall,11
president,tried,16
ammunition,ship,12
one,three,11
philippine,service,28
government,real,27
four,one,11
three,years,20
informed,shall,11
servitude,shall,11
act,february,12
battle,one,44
cruisers,year,30
one,proposed,11
increase,notes,15
law,without,12
put,shall,11
officers,public,12
congress,labor,14
another,one,16
circuit,courts,24
battle,cruiser,12
coast,scout,25
energy,produce,16
federal,say,15
health,shall,14
circuit,february,15
regulatory,spending,12
public,shall,24
shall,two,14
shall,united,16
circuit,judges,16
courts,judges,16
fortunate,less,12
dollars,million,25
able,year,12
ammunition,one,22
destroyers,fifteen,25
fortunate,less,12
local,shall,14
powers,shall,16
establishment,public,20
government,regulatory,27
amount,issue,12
government,sovereignty,12
compensation,shall,11
acres,lands,14
nations,states,12
bonds,reserve,12
courts,state,16
battleships,cruisers,12
government,reformed,18
religion,shall,11
war,widows,12
hundred,thousand,28
shall,united,16
government,made,18
government,percent,27
energy,high,16
free,shall,22
major,new,25
powers,states,12
decent,hopes,14
government,governments,12
states,united,12
every,must,16
government,human,18
shall,substantial,16
ten,years,16
